sentence,translation,translation_extra
The birch canoe slid on the smooth planks.,"On the smooth planks, the birch canoe slid.","On the smooth planks, the birch canoe slid. Yes, hrrrm."
Glue the sheet to the dark blue background.,"Glue the sheet to the dark blue background, you must.","Glue the sheet to the dark blue background, you must."
It's easy to tell the depth of a well.,"Easy it is, to tell the depth of a well.","Easy it is, to tell the depth of a well."
These days a chicken leg is a rare dish.,"These days, a rare dish, a chicken leg is.","Hrrmmm. These days, a rare dish, a chicken leg is."
Rice is often served in round bowls.,"In round bowls, rice often served is.","In round bowls, rice often served is. Yes, hrrmmm."
The juice of lemons makes fine punch.,"Fine punch, the juice of lemons makes.","Fine punch, the juice of lemons makes. Hmm."
The box was thrown beside the parked truck.,"Beside the parked truck, the box was thrown.","Beside the parked truck, the box was thrown. Yes, hrrrm."
The hogs were fed chopped corn and garbage.,"Chopped corn and garbage, the hogs were fed.","Chopped corn and garbage, the hogs were fed. Hmm."
Four hours of steady work faced us.,"Faced us, four hours of steady work did.","Faced us, four hours of steady work did."
Large size in stockings is hard to sell.,"Hard to sell, large size in stockings is.","Hard to sell, large size in stockings is."
The boy was there when the sun rose.,"When the sun rose, there the boy was.","When the sun rose, there the boy was."
A rod is used to catch pink salmon.,"To catch pink salmon, a rod used is.","To catch pink salmon, a rod used is."
The source of the huge river is the clear spring.,"The clear spring, the source of the huge river is.","The clear spring, the source of the huge river is."
Kick the ball straight and follow through.,"Straight, kick the ball, and follow through.","Hrrmmm. Straight, kick the ball, and follow through. Hmm."
Help the woman get back to her feet.,"Back to her feet, help the woman get.","Back to her feet, help the woman get."
A pot of tea helps to pass the evening.,"Pass the evening, a pot of tea helps.","Pass the evening, a pot of tea helps."
Smoky fires lack flame and heat.,"Lack flame and heat, smoky fires do.","Lack flame and heat, smoky fires do."
The soft cushion broke the man's fall.,"The man's fall, the soft cushion broke.","The man's fall, the soft cushion broke."
The salt breeze came across from the sea.,"Came across from the sea, the salt breeze did.","Came across from the sea, the salt breeze did. Yes, hrrmmm."
The girl at the booth sold fifty bonds.,"Fifty bonds, the girl at the booth sold.","Hrrmmm. Fifty bonds, the girl at the booth sold. Yrsssss."
The small pup gnawed a hole in the sock.,"A hole in the sock, the small pup gnawed.","A hole in the sock, the small pup gnawed."
The fish twisted and turned on the bent hook.,"Twisted and turned on the bent hook, the fish did.","Hrrmmm. Twisted and turned on the bent hook, the fish did."
Press the pants and sew a button on the vest.,"Press the pants, you must, and a button on the vest, sew.","Press the pants, you must, and a button on the vest, sew."
The swan dive was far short of perfect.,"Far short of perfect, the swan dive was.","Far short of perfect, the swan dive was. Hmm."
The beauty of the view stunned the young boy.,"Stunned the young boy, the beauty of the view did.","Stunned the young boy, the beauty of the view did."
Two blue fish swam in the tank.,"In the tank, two blue fish swam.","In the tank, two blue fish swam."
Her purse was full of useless trash.,"Full of useless trash, her purse was.","Full of useless trash, her purse was."
The colt reared and threw the tall rider.,"Reared and threw the tall rider, the colt did.","Hrrmmm. Reared and threw the tall rider, the colt did."
"It snowed, rained, and hailed the same morning.","Snowed, rained, and hailed the same morning, it did.","Snowed, rained, and hailed the same morning, it did. Yes, hrrrm."
Read verse out loud for pleasure.,"For pleasure, read verse out loud, you must.","For pleasure, read verse out loud, you must."
Hoist the load to your left shoulder.,"Hoist the load to your left shoulder, you must.","Hoist the load to your left shoulder, you must."
Take the winding path to reach the lake.,"To reach the lake, take the winding path, you must.","To reach the lake, take the winding path, you must."
Note closely the size of the gas tank.,"Closely, note the size of the gas tank, you must.","Closely, note the size of the gas tank, you must."
Wipe the grease off his dirty face.,"Off his dirty face, wipe the grease, you must.","Off his dirty face, wipe the grease, you must."
Mend the coat before you go out.,"Before you go out, mend the coat, you must.","Before you go out, mend the coat, you must."
The wrist was badly strained and hung limp.,"Badly strained and hung limp, the wrist was.","Badly strained and hung limp, the wrist was."
The stray cat gave birth to kittens.,"Gave birth to kittens, the stray cat did.","Gave birth to kittens, the stray cat did."
The young girl gave no clear response.,"No clear response, the young girl gave.","No clear response, the young girl gave."
The meal was cooked before the bell rang.,"Cooked before the bell rang, the meal was.","Cooked before the bell rang, the meal was."
What joy there is in living.,"In living, what joy there is.","In living, what joy there is."
A king ruled the state in the early days.,"Ruled the state in the early days, a king did.","Ruled the state in the early days, a king did. Hrmmm."
The ship was torn apart on the sharp reef.,"Torn apart on the sharp reef, the ship was.","Torn apart on the sharp reef, the ship was. Hrmmm."
Sickness kept him home the third week.,"Kept him home the third week, sickness did.","Kept him home the third week, sickness did. Hmm."
The wide road shimmered in the hot sun.,"Shimmered in the hot sun, the wide road did.","Shimmered in the hot sun, the wide road did. Hrmmm."
The lazy cow lay in the cool grass.,"In the cool grass, the lazy cow lay.","In the cool grass, the lazy cow lay. Yes, hrrmmm."
Lift the square stone over the fence.,"Over the fence, lift the square stone, you must.","Over the fence, lift the square stone, you must. Yrsssss."
The rope will bind the seven books at once.,"Bind the seven books at once, the rope will.","Bind the seven books at once, the rope will."
Hop over the fence and plunge in.,"Over the fence, hop, and plunge in, you must.","Over the fence, hop, and plunge in, you must."
The friendly gang left the drug store.,"The drug store, the friendly gang left.","The drug store, the friendly gang left. Hrmmm."
Mesh mire keeps chicks inside.,"Chicks inside, mesh mire keeps.","Chicks inside, mesh mire keeps. Hrmmm."
The frosty air passed through the coat.,"Through the coat, the frosty air passed.","Hrrmmm. Through the coat, the frosty air passed."
The crooked maze failed to fool the mouse.,"Failed to fool the mouse, the crooked maze did.","Failed to fool the mouse, the crooked maze did. Yes, hrrrm."
Adding fast leads to wrong sums.,"To wrong sums, adding fast leads.","Hrrmmm. To wrong sums, adding fast leads."
The show was a flop from the very start.,"A flop from the very start, the show was.","A flop from the very start, the show was."
A saw is a tool used for making boards.,"A tool used for making boards, a saw is.","A tool used for making boards, a saw is."
The wagon moved on well oiled wheels.,"On well-oiled wheels, the wagon moved.","On well-oiled wheels, the wagon moved."
March the soldiers past the next hill.,"Past the next hill, march the soldiers must.","Past the next hill, march the soldiers must. Yes, hrrmmm."
A cup of sugar makes sweet fudge.,"Sweet fudge, a cup of sugar makes.","Sweet fudge, a cup of sugar makes."
Place a rosebush near the porch steps.,"Near the porch steps, a rosebush place.","Near the porch steps, a rosebush place. Yes, hrrmmm."
Both lost their lives in the raging storm.,"In the raging storm, both their lives lost.","In the raging storm, both their lives lost."
We talked of the slide show in the circus.,"Of the slide show in the circus, we talked.","Of the slide show in the circus, we talked."
Use a pencil to write the first draft.,"To write the first draft, use a pencil, you must.","To write the first draft, use a pencil, you must. Yes, hrrmmm."
He ran half way to the hardware store.,"Halfway to the hardware store, he ran.","Halfway to the hardware store, he ran."
The clock struck to mark the third period.,"To mark the third period, the clock struck.","To mark the third period, the clock struck."
A small creek cut across the field.,"Across the field, a small creek cut.","Across the field, a small creek cut."
Cars and busses stalled in snow drifts.,"In snow drifts, cars and busses stalled.","In snow drifts, cars and busses stalled."
"The set of china hit, the floor with a crash.","The floor with a crash, the set of china hit.","The floor with a crash, the set of china hit. Yes, hrrmmm."
This is a grand season for hikes on the road.,"A grand season for hikes on the road, this is.","A grand season for hikes on the road, this is."
The dune rose from the edge of the water.,"From the edge of the water, the dune rose.","From the edge of the water, the dune rose."
Those words were the cue for the actor to leave.,"The cue for the actor to leave, those words were.","The cue for the actor to leave, those words were. Yrsssss."
A yacht slid around the point into the bay.,"Around the point into the bay, a yacht slid.","Hrrmmm. Around the point into the bay, a yacht slid."
The two met while playing on the sand.,"While playing on the sand, the two met.","While playing on the sand, the two met."
The ink stain dried on the finished page.,"Dried on the finished page, the ink stain did.","Dried on the finished page, the ink stain did."
The walled town was seized without a fight.,"Without a fight, the walled town was seized.","Without a fight, the walled town was seized."
The lease ran out in sixteen weeks.,"In sixteen weeks, the lease ran out.","In sixteen weeks, the lease ran out."
A tame squirrel makes a nice pet.,"A nice pet, a tame squirrel makes.","A nice pet, a tame squirrel makes."
The horn of the car woke the sleeping cop.,"Woke the sleeping cop, the horn of the car did.","Woke the sleeping cop, the horn of the car did. Yes, hrrmmm."
The heart beat strongly and with firm strokes.,"With firm strokes, the heart beat strongly.","With firm strokes, the heart beat strongly."
The pearl was worn in a thin silver ring.,"In a thin silver ring, the pearl was worn.","In a thin silver ring, the pearl was worn."
The fruit peel was cut in thick slices.,"In thick slices, the fruit peel was cut.","In thick slices, the fruit peel was cut. Yes, hrrmmm."
The Navy attacked the big task force.,"Attacked the big task force, the Navy did.","Attacked the big task force, the Navy did."
See the cat glaring at the scared mouse.,"At the scared mouse, see the cat glaring.","At the scared mouse, see the cat glaring. Yes, hrrrm."
There are more than two factors here.,"More than two factors here, there are.","More than two factors here, there are. Yes, hrrrm."
The hat brim was wide and too droopy.,"Wide and too droopy, the hat brim was.","Wide and too droopy, the hat brim was."
The lawyer tried to lose his case.,"Tried to lose his case, the lawyer did.","Tried to lose his case, the lawyer did. Yrsssss."
The grass curled around the fence post.,"Around the fence post, the grass curled.","Around the fence post, the grass curled. Yes, hrrmmm."
Cut the pie into large parts.,"Into large parts, cut the pie, you must.","Into large parts, cut the pie, you must."
Men strive but seldom get rich.,"But seldom get rich, men strive.","But seldom get rich, men strive."
Always close the barn door tight.,"The barn door tight, always close, you must.","The barn door tight, always close, you must."
He lay prone and hardly moved a limb.,Prone he lay and hardly a limb moved.,Hrrmmm. Prone he lay and hardly a limb moved.
The slush lay deep along the street.,"Along the street, the slush lay deep.","Along the street, the slush lay deep."
A wisp of cloud hung in the blue air.,"In the blue air, a wisp of cloud hung.","In the blue air, a wisp of cloud hung."
A pound of sugar costs more than eggs.,"More than eggs, a pound of sugar costs.","More than eggs, a pound of sugar costs. Hrmmm."
The fin was sharp and cut the clear water.,"Cut the clear water, the fin did.","Cut the clear water, the fin did. Hmm."
The play seems dull and quite stupid.,"Dull and quite stupid, the play seems.","Dull and quite stupid, the play seems."
"Bail the boat, to stop it from sinking.","To stop it from sinking, bail the boat, you must.","To stop it from sinking, bail the boat, you must. Hrmmm."
The term ended in late June that year.,"In late June that year, the term ended.","Hrrmmm. In late June that year, the term ended."
A tusk is used to make costly gifts.,"To make costly gifts, a tusk is used.","To make costly gifts, a tusk is used."
Ten pins were set in order.,"In order, ten pins were set.","In order, ten pins were set."
The bill was paid every third week.,"Every third week, the bill paid was.","Every third week, the bill paid was. Yrsssss."
Oak is strong and also gives shade.,"Strong, oak is, and also shade, gives.","Strong, oak is, and also shade, gives."
Cats and dogs each hate the other.,"Each hate the other, cats and dogs do.","Each hate the other, cats and dogs do."
The pipe began to rust while new.,"While new, to rust, the pipe began.","While new, to rust, the pipe began."
Open the crate but don't break the glass.,"The crate, open, but break the glass, do not.","The crate, open, but break the glass, do not. Yes, hrrmmm."
Add the sum to the product of these three.,"To the product of these three, add the sum.","To the product of these three, add the sum."
Thieves who rob friends deserve jail.,"Deserve jail, thieves who rob friends do.","Deserve jail, thieves who rob friends do."
The ripe taste of cheese improves with age.,"With age, the ripe taste of cheese improves.","With age, the ripe taste of cheese improves. Hmm."
Act on these orders with great speed.,"With great speed, on these orders, act.","With great speed, on these orders, act."
The hog crawled under the high fence.,"Under the high fence, the hog crawled.","Under the high fence, the hog crawled."
Move the vat over the hot fire.,"Over the hot fire, move the vat, you must.","Hrrmmm. Over the hot fire, move the vat, you must."
The bark of the pine tree was shiny and dark.,"Shiny and dark, the bark of the pine tree was.","Hrrmmm. Shiny and dark, the bark of the pine tree was."
Leaves turn brown and yellow in the fall.,"In the fall, brown and yellow, leaves turn.","In the fall, brown and yellow, leaves turn. Yes, hrrmmm."
The pennant waved when the wind blew.,"When the wind blew, the pennant waved.","When the wind blew, the pennant waved."
"Split the log with a quick, sharp blow.","With a quick, sharp blow, split the log, you must.","With a quick, sharp blow, split the log, you must. Yes, hrrmmm."
Burn peat after the logs give out.,"After the logs give out, burn peat, you must.","After the logs give out, burn peat, you must. Hrmmm."
He ordered peach pie with ice cream.,"Peach pie with ice cream, he ordered.","Peach pie with ice cream, he ordered. Yrsssss."
Weave the carpet on the right hand side.,"On the right-hand side, weave the carpet, you must.","Hrrmmm. On the right-hand side, weave the carpet, you must. Hrmmm."
Hemp is a weed found in parts of the tropics.,"In parts of the tropics, hemp is a weed found.","In parts of the tropics, hemp is a weed found."
A lame back kept his score low.,"Kept his score low, a lame back did.","Kept his score low, a lame back did."
We find joy in the simplest things.,"In the simplest things, joy we find.","In the simplest things, joy we find."
Type out three lists of orders.,"Type out three lists of orders, you must.","Type out three lists of orders, you must."
The harder he tried the less he got done.,"The less he got done, the harder he tried.","The less he got done, the harder he tried."
The boss ran the show with a watchful eye.,"With a watchful eye, the boss ran the show.","With a watchful eye, the boss ran the show."
The cup cracked and spilled its contents.,"Cracked and spilled its contents, the cup did.","Cracked and spilled its contents, the cup did. Hrmmm."
Paste can cleanse the most dirty brass.,"Cleanse the most dirty brass, paste can.","Cleanse the most dirty brass, paste can."
The slang word for raw whiskey is booze.,"For raw whiskey, the slang word is booze.","For raw whiskey, the slang word is booze."
It caught its hind paw in a rusty trap.,"Its hind paw, in a rusty trap it caught .","Its hind paw, in a rusty trap it caught ."
The wharf could be seen at the farther shore.,"At the farther shore, the wharf could be seen.","At the farther shore, the wharf could be seen. Yes, hrrrm."
Feel the heat of the weak dying flame.,"Feel the heat of the weak dying flame, you must.","Feel the heat of the weak dying flame, you must."
The tiny girl took off her hat.,"Off her hat, the tiny girl took.","Off her hat, the tiny girl took. Hrmmm."
A cramp is no small danger on a swim.,"No small danger on a swim, a cramp is.","No small danger on a swim, a cramp is. Hrmmm."
He said the same phrase thirty times.,"The same phrase thirty times, he said.","The same phrase thirty times, he said."
Pluck the bright rose without leaves.,"Without leaves, pluck the bright rose, you must.","Without leaves, pluck the bright rose, you must. Yes, hrrmmm."
Two plus seven is less than ten.,"Less than ten, two plus seven is.","Less than ten, two plus seven is."
The glow deepened in the eyes of the sweet girl.,"Deepened in the eyes of the sweet girl, the glow did.","Deepened in the eyes of the sweet girl, the glow did. Hmm."
Bring your problems to the wise chief.,"To the wise chief, bring your problems, you must.","To the wise chief, bring your problems, you must. Yes, hrrrm."
Write a fond note to the friend you cherish.,"To the friend you cherish, write a fond note, you must.","To the friend you cherish, write a fond note, you must. Yrsssss."
Clothes and lodging are free to new men.,"Free to new men, clothes and lodging are.","Free to new men, clothes and lodging are."
We frown when events take a bad turn.,"When events take a bad turn, frown we do.","When events take a bad turn, frown we do."
Port is a strong wine with s smoky taste.,"With a smoky taste, port a strong wine is.","With a smoky taste, port a strong wine is."
The young kid jumped the rusty gate.,"The rusty gate, the young kid jumped.","The rusty gate, the young kid jumped."
Guess the results from the first scores.,"From the first scores, guess the results, you must.","From the first scores, guess the results, you must. Hmm."
A salt pickle tastes fine with ham.,"Tastes fine with ham, a salt pickle does.","Tastes fine with ham, a salt pickle does."
The just claim got the right verdict.,"Got the right verdict, the just claim did.","Got the right verdict, the just claim did."
These thistles bend in a high wind.,"In a high wind, these thistles bend.","In a high wind, these thistles bend."
Pure bred poodles have curls.,"Curls, pure bred poodles have.","Curls, pure bred poodles have. Yes, hrrmmm."
The tree top waved in a graceful way.,"In a graceful way, the tree top waved.","In a graceful way, the tree top waved. Hrmmm."
The spot on the blotter was made by green ink.,"Made by green ink, the spot on the blotter was.","Hrrmmm. Made by green ink, the spot on the blotter was."
Mud was spattered on the front of his white shirt.,"On the front of his white shirt, mud was spattered.","On the front of his white shirt, mud was spattered."
The cigar burned a hole in the desk top.,"Burned a hole in the desk top, the cigar did.","Burned a hole in the desk top, the cigar did."
The empty flask stood on the tin tray.,"On the tin tray, the empty flask stood.","On the tin tray, the empty flask stood."
A speedy man can beat this track mark.,"Can beat this track mark, a speedy man can.","Can beat this track mark, a speedy man can."
He broke a new shoelace that day.,"A new shoelace that day, he broke.","A new shoelace that day, he broke. Hmm."
The coffee stand is too high for the couch.,"Too high for the couch, the coffee stand is.","Too high for the couch, the coffee stand is. Yes, hrrrm."
The urge to write short stories is rare.,"To write short stories, the urge is rare.","To write short stories, the urge is rare. Hrmmm."
The pencils have all been used.,"All been used, the pencils have.","All been used, the pencils have. Hmm."
The pirates seized the crew of the lost ship.,"Seized the crew of the lost ship, the pirates did.","Seized the crew of the lost ship, the pirates did. Yrsssss."
We tried to replace the coin but failed.,"Replace the coin, we tried, but failed.","Replace the coin, we tried, but failed."
She sewed the torn coat quite neatly.,"The torn coat quite neatly, she sewed.","Hrrmmm. The torn coat quite neatly, she sewed."
The sofa cushion is red and of light weight.,"Red and of light weight, the sofa cushion is.","Hrrmmm. Red and of light weight, the sofa cushion is. Hmm."
The jacket hung on the back of the wide chair.,"On the back of the wide chair, the jacket hung.","On the back of the wide chair, the jacket hung. Yrsssss."
At that high level the air is pure.,"At that high level, puie, the air is.","At that high level, puie, the air is."
Drop the two when you add the figures.,"When you add the figures, drop the two, you must.","When you add the figures, drop the two, you must. Hrmmm."
A filing case is now hard to buy.,"Hard to buy, a filing case is now.","Hard to buy, a filing case is now."
An abrupt start does not win the prize.,"Does not win the prize, an abrupt start does.","Does not win the prize, an abrupt start does. Hmm."
Wood is best for making toys and blocks.,"For making toys and blocks, wood best is.","For making toys and blocks, wood best is."
The office paint was a dull sad tan.,"A dull sad tan, the office paint was.","A dull sad tan, the office paint was. Hrmmm."
He knew the skill of the great young actress.,"The skill of the great young actress, he knew.","The skill of the great young actress, he knew."
A rag will soak up spilled water.,"Soak up spilled water, a rag will.","Soak up spilled water, a rag will."
A shower of dirt fell from the hot pipes.,"From the hot pipes, a shower of dirt fell.","From the hot pipes, a shower of dirt fell. Yes, hrrrm."
Steam hissed from the broken valve.,"From the broken valve, steam hissed.","From the broken valve, steam hissed."
The child almost hurt the small dog.,"Almost hurt the small dog, the child did.","Almost hurt the small dog, the child did. Hrmmm."
There was a sound of dry leaves outside.,"Of dry leaves outside, a sound there was.","Hrrmmm. Of dry leaves outside, a sound there was."
The sky that morning was clear and bright blue.,"Clear and bright blue, the sky that morning was.","Clear and bright blue, the sky that morning was."
Torn scraps littered the stone floor.,"Littered the stone floor, torn scraps did.","Littered the stone floor, torn scraps did. Yes, hrrmmm."
Sunday is the best part of the week.,"The best part of the week, Sunday is.","The best part of the week, Sunday is. Yes, hrrmmm."
The doctor cured him with these pills.,"With these pills, him, the doctor cured.","With these pills, him, the doctor cured."
The new girl was fired today at noon.,"Fired today at noon, the new girl was.","Fired today at noon, the new girl was."
They felt gay when the ship arrived in port.,"When the ship arrived in port, gay they felt.","When the ship arrived in port, gay they felt."
Add the store's account to the last cent.,"To the last cent, the store's account add.","Hrrmmm. To the last cent, the store's account add."
Acid burns holes in wool cloth.,"Burns holes in wool cloth, acid does.","Burns holes in wool cloth, acid does."
Fairy tales should be fun to write.,"Fun to write, fairy tales should be.","Hrrmmm. Fun to write, fairy tales should be. Hmm."
Eight miles of woodland burned to waste.,"Burned to waste, eight miles of woodland did.","Burned to waste, eight miles of woodland did."
The third act was dull and tired the players.,"Dull and tired the players, the third act was.","Dull and tired the players, the third act was. Yes, hrrrm."
A young child should not suffer fright.,"Suffer fright, a young child should not.","Suffer fright, a young child should not."
Add the column and put the sum here.,"And put the sum here, add the column, you must.","And put the sum here, add the column, you must. Hmm."
We admire and love a good cook.,"A good cook, we admire and love.","A good cook, we admire and love."
There the flood mark is ten inches.,"Ten inches, there the flood mark is.","Ten inches, there the flood mark is."
He carved a head from the round block of marble.,"From the round block of marble, a head he carved.","From the round block of marble, a head he carved."
She has st smart way of wearing clothes.,"A smart way of wearing clothes, she has.","A smart way of wearing clothes, she has."
The fruit of a fig tree is apple-shaped.,"Apple-shaped, the fruit of a fig tree is.","Apple-shaped, the fruit of a fig tree is."
Corn cobs can be used to kindle a fire.,"To kindle a fire, corn cobs can be used.","To kindle a fire, corn cobs can be used."
Where were they when the noise started.,"When the noise started, where were they?","Hrrmmm. When the noise started, where were they? Hrmmm."
The paper box is full of thumb tacks.,"Is full of thumb tacks, the paper box is.","Is full of thumb tacks, the paper box is."
Sell your gift to a buyer at a good gain.,"To a buyer at a good gain, sell your gift, you must.","To a buyer at a good gain, sell your gift, you must."
The tongs lay beside the ice pail.,"Beside the ice pail, the tongs lay.","Beside the ice pail, the tongs lay. Hrmmm."
The petals fall with the next puff of wind.,"With the next puff of wind, the petals fall.","With the next puff of wind, the petals fall. Yes, hrrmmm."
Bring your best compass to the third class.,"To the third class, bring your best compass, you must.","To the third class, bring your best compass, you must. Hrmmm."
They could laugh although they were sad.,"Although they were sad, laugh they could.","Although they were sad, laugh they could. Yes, hrrmmm."
Farmers came in to thresh the oat crop.,"To thresh the oat crop, farmers came in.","To thresh the oat crop, farmers came in. Hrmmm."
The brown house was on fire to the attic.,"To the attic, the brown house on fire was.","To the attic, the brown house on fire was. Hmm."
The lure is used to catch trout and flounder.,"To catch trout and flounder, the lure is used.","To catch trout and flounder, the lure is used."
Float the soap on top of the bath water.,"On top of the bath water, float the soap, you must.","On top of the bath water, float the soap, you must."
A blue crane is a tall wading bird.,"A tall wading bird, a blue crane is.","A tall wading bird, a blue crane is."
A fresh start will work such wonders.,"Such wonders, a fresh start will work.","Such wonders, a fresh start will work."
The club rented the rink for the fifth night.,"For the fifth night, the club the rink rented.","For the fifth night, the club the rink rented."
After the dance they went straight home.,"After the dance, straight home they went.","After the dance, straight home they went."
The hostess taught the new maid to serve.,"The new maid to serve, the hostess taught.","The new maid to serve, the hostess taught."
He wrote his last novel there at the inn.,"There at the inn, his last novel, he wrote.","There at the inn, his last novel, he wrote."
Even the worst will beat his low score.,"Will beat his low score, even the worst will.","Will beat his low score, even the worst will. Yrsssss."
The cement had dried when he moved it.,"Had dried when he moved it, the cement had.","Had dried when he moved it, the cement had. Hrmmm."
The loss of the second ship was hard to take.,"Hard to take, the loss of the second ship was.","Hrrmmm. Hard to take, the loss of the second ship was."
The fly made its way along the wall.,"Along the wall, the fly its way made.","Along the wall, the fly its way made."
Do that with a wooden stick.,"With a wooden stick, do that, you must.","With a wooden stick, do that, you must."
Lire wires should be kept covered.,"Kept covered, live wires should be.","Kept covered, live wires should be. Hmm."
The large house had hot water taps.,"Had hot water taps, the large house did.","Had hot water taps, the large house did. Hmm."
It is hard to erase blue or red ink.,"To erase blue or red ink, hard it is.","To erase blue or red ink, hard it is. Yes, hrrmmm."
Write at once or you may forget it.,"At once, write, or forget it you may.","At once, write, or forget it you may."
The doorknob was made of bright clean brass.,"Made of bright clean brass, the doorknob was.","Made of bright clean brass, the doorknob was. Yes, hrrrm."
The wreck occurred by the bank on Main Street.,"By the bank on Main Street, the wreck occurred.","By the bank on Main Street, the wreck occurred."
A pencil with black lead writes best.,"With black lead, a pencil writes best.","With black lead, a pencil writes best."
Coax a young calf to drink from a bucket.,"To drink from a bucket, coax a young calf, you must.","To drink from a bucket, coax a young calf, you must."
Schools for ladies teach charm and grace.,"Teach charm and grace, schools for ladies do.","Teach charm and grace, schools for ladies do. Hmm."
The lamp shone with a steady green flame.,"With a steady green flame, the lamp shone.","With a steady green flame, the lamp shone. Hmm."
They took the axe and the saw to the forest.,"To the forest, the axe and the saw, they took.","To the forest, the axe and the saw, they took. Yes, hrrrm."
The ancient coin was quite dull and worn.,"Quite dull and worn, the ancient coin was.","Quite dull and worn, the ancient coin was."
The shaky barn fell with a loud crash.,"With a loud crash, the shaky barn fell.","With a loud crash, the shaky barn fell."
Jazz and swing fans like fast music.,"Like fast music, jazz and swing fans do.","Like fast music, jazz and swing fans do."
Rake the rubbish up and then burn it.,"The rubbish up rake, and then burn it, you must.","The rubbish up rake, and then burn it, you must. Yes, hrrrm."
Slash the gold cloth into fine ribbons.,"Into fine ribbons, slash the gold cloth, you must.","Into fine ribbons, slash the gold cloth, you must."
Try to have the court decide the case.,"Decide the case, have the court, try to.","Decide the case, have the court, try to."
They are pushed back each time they attack.,"Each time they attack, pushed back they are.","Each time they attack, pushed back they are."
He broke his ties with groups of former friends.,"With groups of former friends, his ties, he broke.","With groups of former friends, his ties, he broke."
They floated on the raft to sun their white backs.,"To sun their white backs, on the raft, they floated.","To sun their white backs, on the raft, they floated. Yes, hrrrm."
The map had an X that meant nothing.,"An X that meant nothing, the map had.","Hrrmmm. An X that meant nothing, the map had. Yes, hrrrm."
Whitings are small fish caught in nets.,"Caught in nets, small fish, whitings are.","Caught in nets, small fish, whitings are. Yes, hrrmmm."
Some ads serve to cheat buyers.,"Serve to cheat buyers, some ads do.","Serve to cheat buyers, some ads do."
Jerk the rope and the bell rings weakly.,"The rope jerk, and weakly the bells, ring.","The rope jerk, and weakly the bells, ring. Hmm."
A waxed floor makes us lose balance.,"Makes us lose balance, a waxed floor does.","Hrrmmm. Makes us lose balance, a waxed floor does."
"Madam, this is the best brand of corn.","The best brand of corn, this is, madam.","The best brand of corn, this is, madam."
On the islands the sea breeze is soft and mild.,"On the islands, soft and mild, the sea breeze is.","Hrrmmm. On the islands, soft and mild, the sea breeze is. Yes, hrrmmm."
The play began as soon as we sat down.,"As soon as we sat down, the play began.","As soon as we sat down, the play began. Hmm."
This will lead the world to more sound and fury,"To more sound and fury, lead the world, this will.","To more sound and fury, lead the world, this will. Yrsssss."
Add salt before you fry the egg.,"Before you fry the egg, add salt, you must.","Before you fry the egg, add salt, you must."
The rush for funds reached its peak Tuesday.,"Reached its peak Tuesday, the rush for funds did.","Reached its peak Tuesday, the rush for funds did."
The birch looked stark white and lonesome.,"Stark white and lonesome, the birch looked.","Stark white and lonesome, the birch looked."
The box is held by a bright red snapper.,"By a bright red snapper, the box is held.","By a bright red snapper, the box is held."
"To make pure ice, you freeze water.","o make pure ice, freeze water, you must.","o make pure ice, freeze water, you must. Yes, hrrrm."
The first worm gets snapped early.,"Gets snapped early, the first worm does.","Gets snapped early, the first worm does."
Jump the fence and hurry up the bank.,"The fence jump, and up the the bank hurry.","The fence jump, and up the the bank hurry. Yes, hrrmmm."
Yell and clap as the curtain slides back.,"As the curtain slides back, yell and clap, you must.","As the curtain slides back, yell and clap, you must."
They are men nho walk the middle of the road.,"Walk the middle of the road, they are men who do.","Walk the middle of the road, they are men who do."
Both brothers wear the same size.,"Wear the same size, both brothers do.","Wear the same size, both brothers do. Hmm."
In some forin or other we need fun.,"In some form or other, fun we need.","In some form or other, fun we need."
The prince ordered his head chopped off.,"Ordered his head chopped off, the prince did.","Ordered his head chopped off, the prince did. Yes, hrrrm."
The houses are built of red clay bricks.,"Built of red clay bricks, the houses are.","Built of red clay bricks, the houses are."
Ducks fly north but lack a compass.,"Fly north but lack a compass, ducks do.","Hrrmmm. Fly north but lack a compass, ducks do. Yes, hrrrm."
Fruit flavors are used in fizz drinks.,"In fizz drinks, fruit flavors are used.","In fizz drinks, fruit flavors are used."
These pills do less good than others.,"Do less good than others, these pills do.","Do less good than others, these pills do."
Canned pears lack full flavor.,"Lack full flavor, canned pears do.","Lack full flavor, canned pears do. Yrsssss."
The dark pot hung in the front closet.,"Hung in the front closet, the dark pot was.","Hung in the front closet, the dark pot was. Yrsssss."
Carry the pail to the wall and spill it there.,"To the wall and spill it there, carry the pail, you must.","To the wall and spill it there, carry the pail, you must. Hmm."
The train brought our hero to the big town.,"To the big town, our hero, the train brought.","To the big town, our hero, the train brought."
We are sure that one war is enough.,"One war, enough is, sure, we are.","One war, enough is, sure, we are."
Gray paint stretched for miles around.,"For miles around, gray paint stretched.","For miles around, gray paint stretched."
The rude laugh filled the empty room.,"Filled the empty room, the rude laugh did.","Hrrmmm. Filled the empty room, the rude laugh did."
High seats are best for football fans.,"Best for football fans, high seats are.","Best for football fans, high seats are. Yes, hrrmmm."
Tea served from the brown jug is tasty.,"From the brown jug, tasty, tea served is.","From the brown jug, tasty, tea served is. Yes, hrrrm."
A dash of pepper spoils beef stew.,"Spoils beef stew, a dash of pepper does.","Hrrmmm. Spoils beef stew, a dash of pepper does. Yes, hrrmmm."
A zestful food is the hot-cross bun.,"The hot-cross bun, a zestful food it is.","The hot-cross bun, a zestful food it is. Yes, hrrrm."
The horse trotted around the field at a brisk pace.,"At a brisk pace, around the field, the horse trotted.","At a brisk pace, around the field, the horse trotted."
Find the twin who stole the pearl necklace.,"Who stole the pearl necklace, find the twin, you must.","Who stole the pearl necklace, find the twin, you must. Yes, hrrrm."
Cut the cord that binds the box tightly.,"That binds the box tightly, cut the cord, you must.","That binds the box tightly, cut the cord, you must. Yes, hrrrm."
The red tape bound the smuggled food.,"Bound the smuggled food, the red tape did.","Bound the smuggled food, the red tape did."
Look in the corner to find the tan shirt.,"To find the tan shirt, look in the corner, you must.","To find the tan shirt, look in the corner, you must."
The cold drizzle will halt the bond drive.,"Will halt the bond drive, the cold drizzle will.","Will halt the bond drive, the cold drizzle will."
Nine men were hired to dig the ruins.,"To dig the ruins, hired, nine men were.","To dig the ruins, hired, nine men were."
The junk yard had a mouldy smell.,"Had a mouldy smell, the junk yard did.","Had a mouldy smell, the junk yard did."
The flint sputtered and lit a pine torch.,"A pine torch, the flint sputtered and lit.","A pine torch, the flint sputtered and lit. Hrmmm."
Soak the cloth and drown the sharp odor.,"To drown the sharp odor, soak the cloth, you must.","To drown the sharp odor, soak the cloth, you must. Yes, hrrrm."
The shelves were bare of both jam or crackers.,"Of both jam or crackers, the shelves were bare.","Of both jam or crackers, the shelves were bare. Hmm."
A joy to every child is the swan boat.,"To every child, a joy, the swan boat is.","To every child, a joy, the swan boat is. Hmm."
All sat frozen and watched the screen.,"The screen, all sat frozen and watched.","The screen, all sat frozen and watched. Hmm."
ii cloud of dust stung his tender eyes.,"Stung his tender eyes, a cloud of dust did.","Stung his tender eyes, a cloud of dust did. Yrsssss."
To reach the end he needs much courage.,"To reach the end, much courage he needs.","To reach the end, much courage he needs."
Shape the clay gently into block form.,"Gently into block form, shape the clay, you must.","Gently into block form, shape the clay, you must. Yes, hrrmmm."
The ridge on a smooth surface is a bump or flaw.,"A bump or flaw, the ridge on a smooth surface is.","A bump or flaw, the ridge on a smooth surface is."
Hedge apples may stain your hands green.,"May stain your hands green, hedge apples do.","May stain your hands green, hedge apples do."
"Quench your thirst, then eat the crackers.","Your thirst, quench, and then the crackers, eat.","Your thirst, quench, and then the crackers, eat."
Tight curls get limp on rainy days.,"On rainy days, tight curls get limp.","On rainy days, tight curls get limp. Yes, hrrrm."
The mute muffled the high tones of the horn.,"Muffled the high tones of the horn, the mute did.","Muffled the high tones of the horn, the mute did."
The gold ring fits only a pierced ear.,"Fits only a pierced ear, the gold ring does.","Fits only a pierced ear, the gold ring does."
The old pan was covered with hard fudge.,"Covered with hard fudge, the old pan was.","Covered with hard fudge, the old pan was."
Watch the log float in the wide river.,"Float in the wide river, watch the log, you must.","Hrrmmm. Float in the wide river, watch the log, you must."
The node on the stalk of wheat grew daily.,"On the stalk of wheat, the node grew daily.","On the stalk of wheat, the node grew daily."
The heap of fallen leaves was set on fire.,"Set on fire, the heap of fallen leaves was.","Hrrmmm. Set on fire, the heap of fallen leaves was."
"Write fast, if you want to finish early.","If you want to finish early, write fast, you must.","Hrrmmm. If you want to finish early, write fast, you must."
His shirt was clean but one button was gone.,"Clea, his shirt was, but one button, gone, was.","Clea, his shirt was, but one button, gone, was."
The barrel of beer was a brew of malt and hops.,"A brew of malt and hops, the barrel of beer was.","A brew of malt and hops, the barrel of beer was."
Tin cans are absent from store shelves.,"Absent from store shelves, tin cans are.","Absent from store shelves, tin cans are."
Slide the box into that empty space.,"Into that empty space, slide the box, you must.","Into that empty space, slide the box, you must. Hmm."
The plant grew large and green in the window.,"Large and green in the window, the plant grew.","Large and green in the window, the plant grew."
The beam dropped down on the workmen's head.,"Dropped down on the workmen's head, the beam did.","Dropped down on the workmen's head, the beam did."
Pink clouds floated JTith the breeze.,"Floated with the breeze, pink clouds did.","Floated with the breeze, pink clouds did."
"She danced like a swan, tall and graceful.","Like a swan, tall and graceful, she danced.","Like a swan, tall and graceful, she danced."
The tube was blown and the tire flat and useless.,"Blown was the tube, and flat and useless the tire was.","Hrrmmm. Blown was the tube, and flat and useless the tire was."
It is late morning on the old wall clock.,"On the old wall clock, late morning, it is.","Hrrmmm. On the old wall clock, late morning, it is."
Let's all join as we sing the last chorus.,"As we sing the last chorus, let's all join, you must.","As we sing the last chorus, let's all join, you must."
The last switch cannot be turned off.,"Be turned off, the last switch cannot.","Be turned off, the last switch cannot."
The fight will end in just six minutes.,"In just six minutes, the fight, end, will.","In just six minutes, the fight, end, will."
The store walls were lined with colored frocks.,"Lined with colored frocks, the store walls were.","Lined with colored frocks, the store walls were. Yes, hrrrm."
The peace league met to discuss their plans.,"Met to discuss their plans, the peace league did.","Met to discuss their plans, the peace league did."
The rise to fame of a person takes luck.,"The rise of a person to fame, luck takes.","The rise of a person to fame, luck takes."
"Paper is scarce, so write with much care.","Paper scarce is, so wih much care, write.","Hrrmmm. Paper scarce is, so wih much care, write. Yes, hrrmmm."
The quick fox jumped on the sleeping cat.,"Jumped on the sleeping cat, the quick fox did.","Hrrmmm. Jumped on the sleeping cat, the quick fox did."
The nozzle of the fire hose was bright brass.,"Bright brass, the nozzle of the fire hose was.","Bright brass, the nozzle of the fire hose was. Hmm."
Screw the round cap on as tight as needed.,"On as tight as needed, screw the round cap, you must.","On as tight as needed, screw the round cap, you must. Yrsssss."
Time brings us many changes.,"Many changes, time brings us.","Many changes, time brings us."
The purple tie was ten years old.,"Ten years old, the purple tie was.","Ten years old, the purple tie was."
Men think and plan and sometimes act.,"Think and plan lan and sometimes act, men do.","Hrrmmm. Think and plan lan and sometimes act, men do."
Fill the ink jar with sticky glue.,"With sticky glue, fill the ink jar, you must.","With sticky glue, fill the ink jar, you must."
He smoke a big pipe with strong contents.,"A big pipe with strong contents, he smoke.","A big pipe with strong contents, he smoke. Yrsssss."
We need grain to keep our mules healthy.,"To keep our mules healthy, grain, we need.","To keep our mules healthy, grain, we need."
Pack the records in a neat thin case.,"In a neat thin case, pack the records, you must.","In a neat thin case, pack the records, you must."
The crunch of feet in the snow was the only sound.,"The only sound, the crunch of feet in the snow was.","The only sound, the crunch of feet in the snow was. Yes, hrrmmm."
The copper bowl shone in the sun's rays.,"Shone in the sun's rays, the copper bowl did.","Shone in the sun's rays, the copper bowl did."
Boards will warp unless kept dry.,"Unless kept dry, warp, boards will.","Unless kept dry, warp, boards will."
The plush chair leaned against the wall.,"Leaned against the wall, the plush chair did.","Leaned against the wall, the plush chair did. Yes, hrrrm."
Glass will clink when struck by metal.,"When struck by metal, glass, clink, will.","Hrrmmm. When struck by metal, glass, clink, will. Hrmmm."
Bathe and relax in the cool green grass.,"In the cool green grass, bathe and relax, you must.","In the cool green grass, bathe and relax, you must."
Nine rows of soldiers stood in line.,"Stood in line, nine rows of soldiers did.","Stood in line, nine rows of soldiers did."
The beach is dry and shallow at low tide.,"Dry and shallow at low tide, the beach is.","Dry and shallow at low tide, the beach is."
The idea is to sew both edges straight.,"To sew both edges straight, the idea is.","To sew both edges straight, the idea is. Yrsssss."
The kitten chased the dog down the street.,"Chased the dog down the street, the kitten did.","Chased the dog down the street, the kitten did. Yes, hrrrm."
Pages bound in cloth make a book.,"A book, pages bound in cloth, make.","A book, pages bound in cloth, make. Yes, hrrrm."
Try to trace the fine lines of the painting.,"The fine lines of the painting, try to trace, you must.","The fine lines of the painting, try to trace, you must. Yes, hrrmmm."
Women form less than half of the group.,"Less than half of the group, women form.","Less than half of the group, women form."
The zones merge in the central part of town.,"In the central part of town, the zones merge.","In the central part of town, the zones merge."
A gem in the rough needs work to polish.,"Work to polish, a gem in the rough needs.","Work to polish, a gem in the rough needs."
Code is used when secrets are sent.,"When secrets are sent, code is used.","When secrets are sent, code is used."
Most of the new is easy for us to hear.,"Easy for us to hear, most of the news is.","Easy for us to hear, most of the news is."
He used the lathe to make brass objects.,"To make brass objects, the lathe, he used.","To make brass objects, the lathe, he used. Yes, hrrrm."
The vane on top of the pole revolved in the wind.,"In the wind, the vane on top of the pole revolved.","In the wind, the vane on top of the pole revolved."
Mince pie is a dish served to children.,"A dish served to children, mince pie is.","A dish served to children, mince pie is."
The clan gathered on each dull night.,"On each dull night, the clan gathered.","Hrrmmm. On each dull night, the clan gathered."
"Let it burn, it gives us warmth and comfort.","Let it burn, you must, warmth and comfort it gives us.","Let it burn, you must, warmth and comfort it gives us."
A castle built from sand fails to endure.,"Fails to endure, a castle built from sand does.","Fails to endure, a castle built from sand does."
A child's wit saved the day for us.,"Saved the day for us, a child's wit did.","Saved the day for us, a child's wit did."
Tack the strip of carpet to the worn floor.,"To the worn floor, tack the strip of carpet, you must.","To the worn floor, tack the strip of carpet, you must."
Next Tuesday we must vote.,"Next Tuesday, vote we must.","Next Tuesday, vote we must."
Pour the stew from the pot into the plate.,"From the pot into the plate, pour the stew, you must.","From the pot into the plate, pour the stew, you must."
Each penny shone like new.,"Shone like new, each penny did.","Shone like new, each penny did. Hrmmm."
The man went to the woods to gather sticks.,"To gather sticks, to the woods, the man went.","To gather sticks, to the woods, the man went."
The dirt piles were lines along the road.,"Lined along the road, the dirt piles were.","Lined along the road, the dirt piles were."
The logs fell and tumbled into the clear stream.,"Fell and tumbled into the clear stream, the logs did.","Fell and tumbled into the clear stream, the logs did. Yrsssss."
"Just hoist it up and take it away,","Just hoist it up, you must, and away take it.","Just hoist it up, you must, and away take it."
A ripe plum is fit for a king's palate.,"Fit for a king's palate, a ripe plum is.","Fit for a king's palate, a ripe plum is."
Our plans right now are hazy.,"Right now, hazy, our plans are.","Right now, hazy, our plans are. Yes, hrrmmm."
Brass rings are sold by these natives.,"By these natives, brass rings are sold.","By these natives, brass rings are sold."
It takes a good trap to capture a bear.,"To capture a bear, a good trap, it takes.","To capture a bear, a good trap, it takes."
Feed the white mouse some flower seeds.,"Some flower seeds, feed the white mouse, you must.","Some flower seeds, feed the white mouse, you must."
The thaw came early and freed the stream.,"Early, the thaw came, and the stream, freed.","Early, the thaw came, and the stream, freed. Yes, hrrmmm."
He took the lead and kept it the whole distance.,"The lead, he took, and the whole distance, he kept it.","The lead, he took, and the whole distance, he kept it."
The key you designed will fit the lock.,"Fit the lock, the key you designed will.","Fit the lock, the key you designed will."
Plead to the council to free the poor thief.,"To free the poor thief, plead to the council, you must.","To free the poor thief, plead to the council, you must. Yes, hrrmmm."
Better hash is made of rare beef.,"Of rare beef, better hash is made.","Of rare beef, better hash is made. Yrsssss."
This plank was made for walking on.,"For walking on, this plank was made.","For walking on, this plank was made."
The lake sparkled in the red hot sun.,"In the red hot sun, the lake sparkled.","Hrrmmm. In the red hot sun, the lake sparkled."
He crawled with care along the ledge.,"With care along the ledge, he crawled.","With care along the ledge, he crawled. Yes, hrrrm."
Tend the sheep while the dog wanders.,"While the dog wanders, tend the sheep, you must.","While the dog wanders, tend the sheep, you must. Hmm."
It takes a lot of help to finish these.,"To finish these, a lot of help, it takes.","Hrrmmm. To finish these, a lot of help, it takes."
Mark the spot with a sign painted red.,"With a sign painted red, mark the spot, you must.","With a sign painted red, mark the spot, you must. Hrmmm."
Take two shares as a fair profit.,"As a fair profit, take two shares, you must.","As a fair profit, take two shares, you must. Yes, hrrmmm."
The fur of cats goes by many names.,"Goes by many names, the fur of cats does.","Goes by many names, the fur of cats does. Hmm."
North winds bring colds and fevers.,"Bring colds and fevers, north winds do.","Bring colds and fevers, north winds do."
He asks no person to vouch for him.,"To vouch for him, he asks no person.","To vouch for him, he asks no person."
Go now and come here later.,"Go now, and here later come, you must.","Go now, and here later come, you must."
A sash of gold silk will trim her dress.,"Trim her dress, a sash of gold silk will.","Trim her dress, a sash of gold silk will. Yrsssss."
Soap can wash most dirt away.,"Most dirt away, soap can wash.","Most dirt away, soap can wash."
That move means the game is over.,"Means the game is over, that move does.","Means the game is over, that move does. Hmm."
He wrote down a long list of items.,"A long list of items, down he wrote.","A long list of items, down he wrote. Hmm."
A siege will crack the strong defense.,"Crack the strong defense, a siege will.","Crack the strong defense, a siege will."
Grape juice and water mix well.,"Mix well, grape juice and water do.","Mix well, grape juice and water do. Hmm."
Roads are paved with sticky tar.,"With sticky tar, roads are paved.","With sticky tar, roads are paved. Hmm."
Fake stones shine but cost little.,"But cost little, fake stones shine.","But cost little, fake stones shine."
The drip of the rain made a pleasant sound.,"Made a pleasant sound, the drip of the rain did.","Made a pleasant sound, the drip of the rain did. Hrmmm."
Smoke poured out of every crack.,"Out of every crack, smoke poured.","Out of every crack, smoke poured. Hmm."
Serve the hot rum to the tired heroes.,"To the tired heroes, serve the hot rum, you must.","Hrrmmm. To the tired heroes, serve the hot rum, you must."
Much of the story makes good sense.,"Makes good sense, much of the story does.","Makes good sense, much of the story does. Hmm."
The sun came up to light the eastern sky.,"To light the eastern sky, the sun came up.","To light the eastern sky, the sun came up."
Heave the line over the port side.,"Over the port side, heave the line, you must.","Over the port side, heave the line, you must. Hrmmm."
A lathe cuts and trims any wood.,"Cuts and trims any wood, a lathe does.","Cuts and trims any wood, a lathe does. Hrmmm."
It's a dense crowd in two distinct ways.,"In two distinct ways, a dense crowd, it is.","In two distinct ways, a dense crowd, it is."
His hip struck the knee of the next player.,"The knee of the next player, his hip struck.","The knee of the next player, his hip struck."
The stale smell of old beer lingers.,"Of old beer lingers, the stale smell.","Of old beer lingers, the stale smell."
The desk was firm on the shaky floor.,"On the shaky floor, the desk firm was.","On the shaky floor, the desk firm was. Yes, hrrrm."
It takes heat to bring out the odor.,"To bring out the odor, heat, it takes.","To bring out the odor, heat, it takes."
Beef is scarcer than some lamb.,"Scarcer than some lamb, beef is.","Scarcer than some lamb, beef is."
Raise the sail and steer the ship northward.,"Northward, the ship steer, and raise the sail, you must.","Northward, the ship steer, and raise the sail, you must."
The cone costs five cents on Mondays.,"On Mondays, the cone, five cents, costs.","On Mondays, the cone, five cents, costs. Yes, hrrrm."
A pod is what peas always grow in.,"What peas always grow in, a pod is.","What peas always grow in, a pod is. Yrsssss."
Jerk the dart from the cork target.,"From the cork target, jerk the dart, you must.","From the cork target, jerk the dart, you must. Hrmmm."
No cement will hold hard wood.,"Hold hard wood, no cement will.","Hold hard wood, no cement will."
We now have a new base for shipping.,"A new base for shipping, we now have.","A new base for shipping, we now have."
The list of names is carved around the base.,"Carved around the base, the list of names is.","Carved around the base, the list of names is. Hrmmm."
The sheep were led home by a dog.,"Led home by a dog, the sheep were.","Led home by a dog, the sheep were."
"Three for a dime, the young peddler cried.","Three for a dime, the young peddler cried.","Three for a dime, the young peddler cried."
The sense of smell is better than that of touch.,"Better than that of touch, the sense of smell is.","Better than that of touch, the sense of smell is."
No hardship seemed to keep him sad.,"To keep him sad, no hardship seemed.","To keep him sad, no hardship seemed. Yrsssss."
Grace makes up for lack of beauty.,"For lack of beauty, grace makes up.","For lack of beauty, grace makes up."
Nudge gently but wake her now.,"Gently nudge but wake her now, you must.","Gently nudge but wake her now, you must. Hrmmm."
The news struck doubt into restless minds.,"Into restless minds, the news struck doubt.","Into restless minds, the news struck doubt."
Once we stood beside the shore.,"Beside the shore, once we stood.","Beside the shore, once we stood."
A chink in the wall allowed a draft to blow.,"Allowed a draft to blow, a chink in the wall did.","Allowed a draft to blow, a chink in the wall did. Yes, hrrrm."
Fasten two pins on each side.,"On each side, fasten two pins, you must.","On each side, fasten two pins, you must. Hrmmm."
A cold dip restores health and zest.,"Restores health and zest, a cold dip does.","Restores health and zest, a cold dip does."
He takes the oath of office each March.,"The oath of office each March, he takes.","The oath of office each March, he takes. Hrmmm."
The sand drifts over the sill of the old house.,"Over the sill of the old house, the sand drifts.","Hrrmmm. Over the sill of the old house, the sand drifts. Hrmmm."
The point of the steel pen was bent and twisted.,"Bent and twisted, the point of the steel pen was.","Bent and twisted, the point of the steel pen was. Hrmmm."
There is a lag between thought and act.,"A lag between thought and act, there is.","A lag between thought and act, there is. Yes, hrrrm."
Seed is needed to plant the spring corn.,"To plant the spring corn, seed needed is.","To plant the spring corn, seed needed is."
Draw the chart with heavy black lines.,"With heavy black lines, draw the chart, you must.","With heavy black lines, draw the chart, you must. Yrsssss."
The boy owed his pal thirty cents.,"Owed his pal thirty cents, the boy did.","Owed his pal thirty cents, the boy did."
The chap slipped into the crowd and was lost.,"Into the crowd and was lost, the chap slipped.","Into the crowd and was lost, the chap slipped. Yes, hrrrm."
Hats are worn to tea and not to dinner.,"To tea, hats are worn and not to dinner.","To tea, hats are worn and not to dinner."
The ramp led up to the wide highway.,"Up to the wide highway, the ramp led.","Up to the wide highway, the ramp led."
Beat the dust from the rug onto the lawn.,"Onto the lawn, beat the dust from the rug, you must.","Onto the lawn, beat the dust from the rug, you must."
Say it slowly but make it ring clear.,"Say it slowly but ring it clear, make it.","Say it slowly but ring it clear, make it."
The straw nest housed five robins.,"Housed five robins, the straw nest did.","Housed five robins, the straw nest did. Yes, hrrmmm."
Screen the porch with woven straw mats.,"With woven straw mats, screen the porch, you must.","With woven straw mats, screen the porch, you must. Yes, hrrmmm."
This horse will nose his way to the finish.,"Will nose his way to the finish, this horse will.","Will nose his way to the finish, this horse will. Hmm."
The dry wax protects the deep scratch.,"Protects the deep scratch, the dry wax does.","Protects the deep scratch, the dry wax does."
He picked up the dice for a second roll.,"The dice for a second roll, he picked up.","Hrrmmm. The dice for a second roll, he picked up. Yes, hrrmmm."
These coins will be needed to pay his debt.,"To pay his debt, these coins needed will be.","To pay his debt, these coins needed will be."
The nag pulled the frail cart along.,"Pulled the frail cart along, the nag did.","Pulled the frail cart along, the nag did. Hmm."
Twist the valve and release hot steam.,"The valve twist, and release hot steam, you must.","The valve twist, and release hot steam, you must. Yes, hrrrm."
The vamp of the shoe had a gold buckle.,"Had a gold buckle, the vamp of the shoe did.","Had a gold buckle, the vamp of the shoe did."
The smell of burned rags itches my nose.,"The smell of burned rags, my nose itches.","The smell of burned rags, my nose itches. Hmm."
Xew pants lack cuffs and pockets.,"Lack cuffs and pockets, new pants do.","Lack cuffs and pockets, new pants do."
The marsh will freeze when cold enough.,"When cold enough, the marsh freeze will.","When cold enough, the marsh freeze will. Hmm."
They slice the sausage thin with a knife.,"With a knife, the sausage thin they slice .","Hrrmmm. With a knife, the sausage thin they slice ."
The bloom of the rose lasts a few days.,"Lasts a few days, the bloom of the rose does.","Lasts a few days, the bloom of the rose does."
A gray mare walked before the colt.,"Walked before the colt, a gray mare did.","Walked before the colt, a gray mare did. Yes, hrrmmm."
Breakfast buns are fine with a hot drink.,"Fine with a hot drink, breakfast buns are.","Fine with a hot drink, breakfast buns are. Yes, hrrrm."
Bottles hold four kinds of rum.,"Hold four kinds of rum, bottles do.","Hold four kinds of rum, bottles do. Hmm."
The man wore a feather in his felt hat.,"A feather in his felt hat, the man wore.","A feather in his felt hat, the man wore."
He wheeled the bike past the winding road.,"Past the winding road, the bike he wheeled.","Hrrmmm. Past the winding road, the bike he wheeled. Road the winding.  Yes, hrrmmm."
Drop the ashes on the worn old rug.,"On the worn old rug, drop the ashes, you must.","On the worn old rug, drop the ashes, you must."
The desk and both chairs were painted tan.,"Painted tan, the desk and both chairs were.","Painted tan, the desk and both chairs were."
Throw out the used paper cup and plate.,"The used paper cup and plate, throw out, you must.","The used paper cup and plate, throw out, you must. Yes, hrrmmm."
A clean neck means a neat collar.,"Means a neat collar, a clean neck does.","Hrrmmm. Means a neat collar, a clean neck does. Hrmmm."
The couch cover and hall drapes were blue.,"Blue, the couch cover and hall drapes were.","Blue, the couch cover and hall drapes were."
The stems of the tall glasses cracked and broke.,"Cracked and broke, the stems of the tall glasses did.","Cracked and broke, the stems of the tall glasses did. Yrsssss."
The wall phone rang loud and often.,"Rang loud and often, the wall phone did.","Rang loud and often, the wall phone did. Yes, hrrrm."
The clothes dried on a thin wooden rack.,"On a thin wooden rack, the clothes dried.","On a thin wooden rack, the clothes dried."
Turn on the lantern which gives us light.,"The lantern which gives us light, turn on, you must.","The lantern which gives us light, turn on, you must. Hrmmm."
The cleat sank deeply into the soft turf.,"Into the soft turf, the cleat sank deeply.","Into the soft turf, the cleat sank deeply. Hmm."
The bills were mailed promptly on the tenth of the month.,"Promptly on the tenth of the month, the bills were mailed.","Promptly on the tenth of the month, the bills were mailed."
To have is better than to wait and hope.,"Better than to wait and hope, to have is.","Better than to wait and hope, to have is."
The price is fair for a good antique clock.,"Fair, for a good antique clock, the price is.","Fair, for a good antique clock, the price is."
The music played on while they talked.,"Played on while they talked, the music did.","Played on while they talked, the music did."
Dispense with a vest on a day like this.,"On a day like this, dispense with a vest, you must.","On a day like this, dispense with a vest, you must."
The bunch of grapes was pressed into wine.,"Pressed into wine, the bunch of grapes was.","Pressed into wine, the bunch of grapes was. Yrsssss."
"He sent the figs, but kept the ripe cherries.","The figs, he sent, but the ripe cherries, he kept.","The figs, he sent, but the ripe cherries, he kept."
The hinge on the door creaked with old age.,"Creaked with old age, the hinge on the door did.","Creaked with old age, the hinge on the door did."
The screen before the fire kept in the sparks.,"Kept in the sparks, the screen before the fire did.","Kept in the sparks, the screen before the fire did. Hrmmm."
"Fly by night, and you waste little time.","To little time waste, fly by night, you must.","To little time waste, fly by night, you must. Yes, hrrrm."
Thick glasses helped him read the print.,"Helped him read the print, thick glasses did.","Helped him read the print, thick glasses did. Yes, hrrrm."
Birth and death mark the limits of life.,"Mark the limits of life, birth and death do.","Mark the limits of life, birth and death do. Yrsssss."
The chair looked strong but had no bottom.,"Strong but had no bottom, the chair looked.","Strong but had no bottom, the chair looked."
The kite flew wildly in the high wind.,"In the high wind, the kite wildly flew.","In the high wind, the kite wildly flew."
A fur muff is stylish once more.,"Stylish once more, a fur muff is.","Stylish once more, a fur muff is. Yes, hrrrm."
The tin box held priceless stones.,"Held priceless stones, the tin box did.","Hrrmmm. Held priceless stones, the tin box did. Hmm."
We need an end of all such matter.,"An end of all such matter, we need.","An end of all such matter, we need."
The case was puzzling to the old and wise.,"To the old and wise, puzzling the case was.","To the old and wise, puzzling the case was."
The bright lanterns were gay on the dark lawn.,"On the dark lawn, the bright lanterns were gay.","On the dark lawn, the bright lanterns were gay. Yrsssss."
We don't get much money but we have fun.,Much money we get not but fun we have.,Much money we get not but fun we have.
"The youth drove with zest, but little skill.","With zest but little skill, the youth drove.","With zest but little skill, the youth drove."
Five years he lived with a shaggy dog.,"With a shaggy dog, five years, he lived.","With a shaggy dog, five years, he lived. Yrsssss."
A fence cuts through the corner lot.,"Cuts through the corner lot, a fence does.","Hrrmmm. Cuts through the corner lot, a fence does. Hmm."
The way to save money is not to spend much.,"Not to spend much, the way to save money is.","Not to spend much, the way to save money is."
Shut the hatch before the waves push it in.,"Before the waves push it in, shut the hatch, you must.","Before the waves push it in, shut the hatch, you must."
The odor of spring makes young hearts jump.,"Makes young hearts jump, the odor of spring does.","Makes young hearts jump, the odor of spring does."
Crack the walnut with your sharp side teeth.,"With your sharp side teeth, crack the walnut, you must.","With your sharp side teeth, crack the walnut, you must."
He offered proof in the form of a lsrge chart.,"In the form of a large chart, proof he offered.","In the form of a large chart, proof he offered. Hrmmm."
Send the stuff in a thick paper bag.,"In a thick paper bag, send the stuff, you must.","In a thick paper bag, send the stuff, you must. Hmm."
A quart of milk is water for the most part.,"Water for the most part, a quart of milk is.","Water for the most part, a quart of milk is."
They told wild tales to frighten him.,"Wild tales to frighten him, they told.","Wild tales to frighten him, they told."
The three story house was built of stone.,"Built of stone, the three-story house was.","Built of stone, the three-story house was. Yrsssss."
In the rear of the ground floor was a large passage.,"In the rear of the ground floor, a large passage was.","In the rear of the ground floor, a large passage was."
A man in a blue sweater sat at the desk.,"Sat at the desk, a man in a blue sweater did.","Sat at the desk, a man in a blue sweater did."
Oats are a food eaten by horse and man.,"Eaten by horse and man, oats are.","Eaten by horse and man, oats are."
Their eyelids droop for want. of sleep.,"For want of sleep, their eyelids droop.","For want of sleep, their eyelids droop. Of sleep."
The sip of tea revives his tired friend.,"Revives his tired friend, the sip of tea does.","Revives his tired friend, the sip of tea does. Yes, hrrrm."
There are many ways to do these things.,"To do these things, many ways there are.","To do these things, many ways there are. Yrsssss."
Tuck the sheet under the edge of the mat.,"Under the edge of the mat, the sheet tuck.","Under the edge of the mat, the sheet tuck."
A force equal to that would move the earth.,"Move the earth, a force equal to that would.","Move the earth, a force equal to that would."
We like to see clear weather.,"To see clear weather, we like.","To see clear weather, we like."
The work of the tailor is seen on each side.,"Is seen on each side, the work of the tailor is.","Is seen on each side, the work of the tailor is."
Take a chance and win a china doll.,"A chance take, and a china doll win, you will.","A chance take, and a china doll win, you will."
"Shake the dust from your shoes, stranger.","Shake the dust from your shoes, stranger, you must.","Shake the dust from your shoes, stranger, you must. Yrsssss."
She was kind to sick old people.,"Kind to sick old people, she was.","Kind to sick old people, she was."
The dusty bench stood by the stone wall.,"By the stone wall, the dusty bench stood.","By the stone wall, the dusty bench stood."
The square wooden crate was packed to be shipped.,"Packed to be shipped, the square wooden crate was.","Packed to be shipped, the square wooden crate was. Yes, hrrrm."
We dress to suit the weather of most days.,"To suit the weather of most days, we dress.","Hrrmmm. To suit the weather of most days, we dress. Hmm."
Smile when you say nasty words.,"When nasty words you say, smile, you must.","When nasty words you say, smile, you must."
A bowl of rice is free with chicken stew.,"Free with chicken stew, a bowl of rice is.","Free with chicken stew, a bowl of rice is. Hrmmm."
The water in this well is a source of good health.,"Source of good health, the water in this well is.","Source of good health, the water in this well is. Hrmmm."
"Take shelter in this tent, but keep still.","Shelter in this tent take, but keep still, you must.","Shelter in this tent take, but keep still, you must."
That guy is the writer of a few banned books.,"Writer of a few banned books, that guy is.","Writer of a few banned books, that guy is. Hmm."
The little tales they tell are false.,"False, the little tales they tell are.","False, the little tales they tell are."
"The door was barred, locked, and bolted as well.","Barred, locked, and bolted, the door was.","Barred, locked, and bolted, the door was. Yes, hrrmmm."
Ripe pears are fit for a queen's table.,"Fit for a queen's table, ripe pears are.","Fit for a queen's table, ripe pears are."
A big wet stain was on the round carpet.,"On the round carpet, a big wet stain was.","On the round carpet, a big wet stain was."
"The kite dipped and swayed, but stayed aloft.","Dipped and swayed, the kite did, but aloft it stayed.","Dipped and swayed, the kite did, but aloft it stayed."
The pleasant hours fly by much too soon.,"Fly by much too soon, the pleasant hours do.","Fly by much too soon, the pleasant hours do."
The room was crowded with a wild mob.,"Crowded with a wild mob, the room was.","Crowded with a wild mob, the room was. Yrsssss."
This strong arm shall shield your honor.,"Shield your honor, this strong arm shall.","Shield your honor, this strong arm shall."
She blushed when he gave her a white orchid.,"Blushed when he gave her a white orchid, she did.","Blushed when he gave her a white orchid, she did."
The beetle droned in the hot June sun.,"In the hot June sun, the beetle droned.","In the hot June sun, the beetle droned. Yes, hrrrm."
Press the pedal with your left foot.,"With your left foot, the pedal press, you must.","With your left foot, the pedal press, you must."
Neat plans fail without luck.,"Without luck, neat plans fail.","Without luck, neat plans fail."
The black trunk fell from the landing.,"From the landing, the black trunk fell.","From the landing, the black trunk fell."
The bank pressed for payment of the debt.,"For payment of the debt, the bank pressed.","For payment of the debt, the bank pressed."
The theft of the pearl pin was kept secret.,"Kept secret, the theft of the pearl pin was.","Hrrmmm. Kept secret, the theft of the pearl pin was."
Shake hands with this friendly child.,"With this friendly child, shake hands, you will.","With this friendly child, shake hands, you will. Yes, hrrrm."
The vast space stretched into the far distance.,"Into the far distance, the vast space stretched.","Into the far distance, the vast space stretched."
A rich farm is rare in this sandy waste.,"Rare in this sandy waste, a rich farm is.","Rare in this sandy waste, a rich farm is."
His wide grin earned many friends.,"Earned many friends, his wide grin did.","Hrrmmm. Earned many friends, his wide grin did. Yes, hrrmmm."
Flax makes a fine brand of paper.,"Makes a fine brand of paper, flax does.","Makes a fine brand of paper, flax does."
Hurdle the pit with the aid of a long pole.,"Hurdle the pit with the aid of a long pole, you must.","Hurdle the pit with the aid of a long pole, you must."
A strong bid may scare your partner stiff.,"A strong bid may scare your partner stiff, it can.","A strong bid may scare your partner stiff, it can."
Even a just cause needs power to win.,"Power to win, even a just cause needs.","Power to win, even a just cause needs. Yes, hrrrm."
Peep under the tent and see the clowns.,"Under the tent peep, and the clowns see, you must.","Under the tent peep, and the clowns see, you must."
The leaf drifts along with a slow spin.,"Along with a slow spin, the leaf drifts.","Along with a slow spin, the leaf drifts."
Cheap clothes are flashy but do not last.,"Flashy but do not last, cheap clothes are.","Flashy but do not last, cheap clothes are. Yrsssss."
A thing of small note can cause despair.,"Of small note, a thing can cause despair.","Of small note, a thing can cause despair."
Flood the mails with requests for this book.,"With requests for this book, flood the mails you will.","With requests for this book, flood the mails you will. Yes, hrrmmm."
A thick coat of black paint covered all.,"Covered all, a thick coat of black paint did.","Covered all, a thick coat of black paint did."
The pencil was cut to be sharp at both ends.,"Sharp at both ends, the pencil was cut to be.","Sharp at both ends, the pencil was cut to be. Yes, hrrrm."
Those last words were a strong statement.,"A strong statement, those last words were.","A strong statement, those last words were."
He wrote his name boldly at the top of tile sheet.,"Boldly at the top of the sheet, his name he wrote.","Boldly at the top of the sheet, his name he wrote."
Dill pickles are sour but taste fine.,"Sour but taste fine, dill pickles do.","Sour but taste fine, dill pickles do. Hrmmm."
Down that road is the way to the grain farmer.,"The way to the grain farmer, down that road is.","The way to the grain farmer, down that road is. Yrsssss."
Either mud or dust are found at all times.,"At all times, either mud or dust are found.","At all times, either mud or dust are found. Yes, hrrrm."
The best method is to fix it in place with clips.,"Fix it in place with clips, the best method is.","Fix it in place with clips, the best method is. Hmm."
If you mumble your speech will be lost.,"Mumble your speech, and lost it will be.","Mumble your speech, and lost it will be. Yes, hrrrm."
At night the alarm roused him from a deep sleep.,"From a deep sleep, at night, the alarm roused him.","From a deep sleep, at night, the alarm roused him. Hmm."
Read just what the meter says.,"Just what the meter says, read, you must.","Just what the meter says, read, you must."
Fill your pack with bright trinkets for the poor.,"With bright trinkets for the poor, fill your pack, you must.","With bright trinkets for the poor, fill your pack, you must."
The small red neon lamp went out.,"Out, the small red neon lamp went.","Out, the small red neon lamp went."
"Clams are small, round, soft, and tasty.","Small, round, soft, and tasty, clams are.","Small, round, soft, and tasty, clams are. Hrmmm."
The fan whirled its round blades softly.,"Whirled its round blades softly, the fan did.","Whirled its round blades softly, the fan did."
The line where the edges join was clean.,"Clean, the line where the edges join was.","Clean, the line where the edges join was."
Breathe deep and smell the piny air.,"Deep, breathe, and the piny air smell.","Deep, breathe, and the piny air smell. Yes, hrrmmm."
It matters not if he reads these words or those.,"Matters not, if these words or those he reads.","Matters not, if these words or those he reads. Hmm."
A brown leather bag hung from its strap.,"Hung from its strap, a brown leather bag did.","Hung from its strap, a brown leather bag did."
A toad and a frog are hard to tell apart.,"Hard to tell apart, a toad and a frog are.","Hard to tell apart, a toad and a frog are. Yrsssss."
A white silk jacket goes with any shoes.,"With any shoes, a white silk jacket goes.","With any shoes, a white silk jacket goes. Yrsssss."
A break in the dam almost caused a flood.,"Almost caused a flood, a break in the dam did.","Almost caused a flood, a break in the dam did."
Paint the sockets in the wall dull green.,"Dull green, paint the sockets in the wall, you must.","Dull green, paint the sockets in the wall, you must."
The child crawled into the dense grass.,"Into the dense grass, the child crawled.","Into the dense grass, the child crawled."
Bribes fail where honest men work.,"Where honest men work, bribes fail.","Where honest men work, bribes fail. Hrmmm."
"Trample the spark, else the flames will spread.","Else the flames will spread, trample the spark, you must.","Else the flames will spread, trample the spark, you must."
The hilt. of the sword was carved with fine designs.,"Carved with fine designs, the hilt of the sword was.","The hilt. Carved with fine designs, the hilt of the sword was."
A round hole was drilled through the thin board.,"Through the thin board, a round hole was drilled.","Through the thin board, a round hole was drilled."
Footprints showed the path he took up the beach.,"Showed the path he took up the beach, footprints did.","Showed the path he took up the beach, footprints did. Hmm."
She was waiting at my front lawn.,"At my front lawn, waiting she was.","At my front lawn, waiting she was. Hmm."
A vent near the edge brought in fresh air.,"Fresh air, a vent near the edge brought in.","Fresh air, a vent near the edge brought in. Hmm."
Prod the old mule with a crooked stick.,"With a crooked stick, prod the old mule, you must.","With a crooked stick, prod the old mule, you must."
It is a band of steel three inches wide.,"A band of steel, three inches wide, it is.","A band of steel, three inches wide, it is. Yes, hrrmmm."
The pipe ran almost the length of the ditch.,"Almost the length of the ditch, the pipe ran.","Almost the length of the ditch, the pipe ran."
It was hidden from sight by a mass of leaves and shrubs.,"Hidden from sight by a mass of leaves and shrubs, it was.","Hidden from sight by a mass of leaves and shrubs, it was."
The weight of the package was seen on the high scale.,"Seen on the high scale, the weight of the package was.","The weight. Seen on the high scale, the weight of the package was."
"Wake and rise, and step into the green outdoors.","Rise, and step into the green outdoors, wake.","Rise, and step into the green outdoors, wake. Hrmmm."
The green light in the brown box flickered.,"Flickered, the green light in the brown box did.","Flickered, the green light in the brown box did. Yes, hrrrm."
The brass tube circled the high wall.,"Circled the high wall, the brass tube did.","Circled the high wall, the brass tube did. Hrmmm."
The lobes of her ears were pierced to hold rings.,"Pierced to hold rings, the lobes of her ears were.","Pierced to hold rings, the lobes of her ears were."
Hold the hammer near the end to drive the nail.,"To drive the nail, hold the hammer near the end, you must.","To drive the nail, hold the hammer near the end, you must. Yes, hrrrm."
Next Sunday is the twelfth of the month.,"The twelfth of the month, next Sunday is.","The twelfth of the month, next Sunday is. Yes, hrrmmm."
Every word and phrase he speaks is true.,"True, every word and phrase he speaks is.","True, every word and phrase he speaks is. Yes, hrrmmm."
He put his last cartridge into the gun and fired.,"Into the gun, his last cartridge he put and fired.","Into the gun, his last cartridge he put and fired."
They took their kids from the public school.,"From the public school, their kids they took.","From the public school, their kids they took. Hrmmm."
Drive the screw straight into the wood.,"Straight into the wood, drive the screw, you must.","Straight into the wood, drive the screw, you must. Yes, hrrmmm."
Keep the hatch tight and the watch constant.,"Tight, keep the hatch, and the watch constant, you must.","Tight, keep the hatch, and the watch constant, you must."
Sever the twine with a quick snip of the knife.,"With a quick snip of the knife, sever the twine, you must.","With a quick snip of the knife, sever the twine, you must."
Paper will dry out when wet.,"Dry out when wet, paper will.","Dry out when wet, paper will. Hmm."
Slide the catch back and open the desk.,"Back slide the catch, and open the desk, you must.","Back slide the catch, and open the desk, you must. Yes, hrrmmm."
Help the weak to preserve their strength.,"To preserve their strength, help the weak, you must.","To preserve their strength, help the weak, you must. Yes, hrrmmm."
A sullen smile gets few friends.,"Few friends, a sullen smile gets.","Few friends, a sullen smile gets."
Stop whistling and watch the boys march.,"Whistling stop, and watch the boys march, you must.","Whistling stop, and watch the boys march, you must."
"Jerk the cord, and out tumbles the gold.","The cord jerk, and out the gold tumbles.","The cord jerk, and out the gold tumbles. Hrmmm."
Slide the tray across the glass top.,"Across the glass top, the tray slide.","Across the glass top, the tray slide. Yes, hrrmmm."
The cloud moved in a stately way and was gone.,"In a stately way, the cloud moved and was gone.","In a stately way, the cloud moved and was gone. Yrsssss."
Light maple makes for a swell room.,"Light maple makes for a swell room, it does.","Light maple makes for a swell room, it does."
Set the piece here and say nothing.,"Here set the piece, and say nothing, you must.","Here set the piece, and say nothing, you must. Yes, hrrrm."
Dull stories make her laugh.,"Make her laugh, dull stories do.","Make her laugh, dull stories do. Yes, hrrrm."
A stiff cord will do to fasten your shoe.,"To fasten your shoe, a stiff cord will do.","To fasten your shoe, a stiff cord will do. Hmm."
Get the trust fund to the bank early.,"To the bank early, get the trust fund, you must.","To the bank early, get the trust fund, you must."
Choose between the high road and the low.,"Between the high road and the low, choose you must.","Between the high road and the low, choose you must."
A plea for funds seems to come again.,"To come again, a plea for funds seems.","To come again, a plea for funds seems."
He lent his coat to the tall gaunt stranger.,"His coat to the tall gaunt stranger, he lent.","His coat to the tall gaunt stranger, he lent."
There is a strong chance it will happen once more.,"A strong chance it will happen once more, there is.","A strong chance it will happen once more, there is."
The duke left the park in a silver coach.,"Left the park in a silver coach, the duke did.","Left the park in a silver coach, the duke did."
Greet the new guests and leave quickly.,"Greet the new guests and leave quickly, you must.","Greet the new guests and leave quickly, you must. Hmm."
When the frost has come it is time for turkey.,"Time for turkey, it is, when the frost has come.","Hrrmmm. Time for turkey, it is, when the frost has come. Yrsssss."
Sweet words work better than fierce.,"Better than fierce, sweet words work.","Better than fierce, sweet words work. Yes, hrrmmm."
A thin stripe runs down the middle.,"Down the middle, a thin stripe runs.","Down the middle, a thin stripe runs. Hmm."
A six comes up more often than a ten.,"More often than a ten, a six comes up.","More often than a ten, a six comes up."
Lush fern grow on the lofty rocks.,"On the lofty rocks, lush fern grows.","On the lofty rocks, lush fern grows."
The ram scared the school children off.,"The school children off, the ram scared.","The school children off, the ram scared."
The team with the best timing looks good.,"Good, the team with the best timing looks.","Good, the team with the best timing looks. Yes, hrrrm."
The farmer swapped his horse for a brown ox.,"His horse for a brown ox, the farmer swapped.","His horse for a brown ox, the farmer swapped."
Sit on the perch and tell the others what to do.,"On the perch sit, and tell the others what to do, you must.","On the perch sit, and tell the others what to do, you must. Hmm."
A steep trail is painful for our feet.,"Painful for our feet, a steep trail is.","Painful for our feet, a steep trail is."
The early phase of life moves fast.,"Fast, the early phase of life moves.","Fast, the early phase of life moves."
Green moss grows on the northern side.,"On the northern side, green moss grows.","On the northern side, green moss grows. Yes, hrrmmm."
Tea in thin china has a sweet taste.,"In thin china, tea a sweet taste has.","In thin china, tea a sweet taste has. Yes, hrrrm."
Pitch the straw through the door of the stable.,"Through the door of the stable, pitch the straw, you must.","Hrrmmm. Through the door of the stable, pitch the straw, you must."
The latch on the beck gate needed a nail.,"The latch on the back gate, a nail needed.","The latch on the back gate, a nail needed."
The goose was brought straight from the old market.,"From the old market, the goose was brought straight.","Hrrmmm. From the old market, the goose was brought straight."
The sink is the thing in which we pile dishes.,"The thing in which we pile dishes, the sink is.","The thing in which we pile dishes, the sink is."
A whiff of it will cure the most stubborn cold.,"Cure the most stubborn cold, a whiff of it will.","Hrrmmm. Cure the most stubborn cold, a whiff of it will."
The facts do not always show who is right.,"Who is right, the facts do not always show.","Who is right, the facts do not always show. Yes, hrrrm."
She flaps her cape as she parades the street.,"As she parades the street, her cape she flaps.","As she parades the street, her cape she flaps. Yes, hrrrm."
The loss of the cruiser was a blow to the fleet.,"A blow to the fleet, the loss of the cruiser was.","A blow to the fleet, the loss of the cruiser was. Yes, hrrmmm."
Loop the braid to the left and then over.,"To the left, loop the braid, and then over, you must.","Hrrmmm. To the left, loop the braid, and then over, you must."
Plead with the lawyer to drop the lost cause.,"Plead with the lawyer to drop the lost cause, you should.","Plead with the lawyer to drop the lost cause, you should."
Calves thrive on tender spring grass.,"On tender spring grass, calves thrive.","On tender spring grass, calves thrive."
Post no bills on this office wall.,"On this office wall, no bills post.","On this office wall, no bills post. Hrmmm."
Tear a thin sheet from the yellow pad.,"Tear a thin sheet from the yellow pad, you must.","Tear a thin sheet from the yellow pad, you must."
A cruise in warm waters in a sleek yacht is fun.,"Fun, a cruise in warm waters in a sleek yacht is.","Fun, a cruise in warm waters in a sleek yacht is. Yes, hrrmmm."
A streak of color ran down the left edge.,"Down the left edge, a streak of color ran.","Down the left edge, a streak of color ran."
It was done before the boy could see it.,"Before the boy could see it, done it was.","Before the boy could see it, done it was. Yrsssss."
Crouch before you jump or miss the mark.,"Before you jump, crouch, or miss the mark, you will.","Before you jump, crouch, or miss the mark, you will. Yes, hrrmmm."
Pack the kits and dont forget the salt.,"Pack the kits, and forget the salt, do not.","Pack the kits, and forget the salt, do not."
The square peg will settle in the round hole.,"In the round hole, the square peg settle will.","In the round hole, the square peg settle will. Yrsssss."
Fine soap saves tender skin.,"Saves tender skin, fine soap does.","Saves tender skin, fine soap does."
Poached eggs and tea must suffice.,Poached eggs and tea suffice must.,Poached eggs and tea suffice must. Hmm.
Bad nerves are jangled by a door slam.,"By a door slam, bad nerves are jangled.","By a door slam, bad nerves are jangled."
Ship maps are different from those for planes.,"Different from those for planes, ship maps are.","Different from those for planes, ship maps are. Hrmmm."
Dimes showered down from all sides.,"From all sides, dimes showered down.","From all sides, dimes showered down."
They sang the same tunes at each party.,"The same tunes at each party, they sang.","The same tunes at each party, they sang."
The sky in the west is tinged with orange red.,"Tinged with orange-red, the sky in the west is.","Tinged with orange-red, the sky in the west is."
The pods of peas ferment in bare fields.,"In bare fields, the pods of peas ferment.","In bare fields, the pods of peas ferment. Yrsssss."
The horse balked and threw the tall rider.,"Threw the tall rider, the horse balked and did.","Threw the tall rider, the horse balked and did."
The hitch between the horse and cart broke.,"Between the horse and cart, the hitch broke.","Between the horse and cart, the hitch broke."
Pile the coal high in the shed corner.,"High in the shed corner, pile the coal, you must.","High in the shed corner, pile the coal, you must."
The gold vase is both rare and costly.,"Both rare and costly, the gold vase is.","Both rare and costly, the gold vase is."
The knife was hung inside its bright sheath.,"Inside its bright sheath, the knife was hung.","Inside its bright sheath, the knife was hung."
The rarest spice comes from the far East.,"From the far East, the rarest spice comes.","From the far East, the rarest spice comes."
The roof should be tilted at a sharp slant.,"Tilted at a sharp slant, the roof should be.","Tilted at a sharp slant, the roof should be."
A smatter of French is worse than none.,"Worse than none, a smatter of French is.","Worse than none, a smatter of French is."
The mule trod the treadmill day and night.,"The treadmill day and night, the mule trod.","The treadmill day and night, the mule trod. Yes, hrrmmm."
The aim of the contest is to raise a great fund.,"To raise a great fund, the aim of the contest is.","To raise a great fund, the aim of the contest is. Yes, hrrmmm."
To send it. now in large amounts is bad.,"To send it now in large amounts, bad it is.","It to send. To send it now in large amounts, bad it is. Hmm."
There is a fine hard tang in salty air.,"In salty air, a fine hard tang there is.","In salty air, a fine hard tang there is. Yes, hrrmmm."
Cod is the main business of the north shore.,"The main business of the north shore, cod is.","The main business of the north shore, cod is. Hrmmm."
The slab was hewn from heavy blocks of slate.,"From heavy blocks of slate, the slab was hewn.","From heavy blocks of slate, the slab was hewn."
Dunk the stale biscuits into strong drink.,"Into strong drink, dunk the stale biscuits you must.","Into strong drink, dunk the stale biscuits you must. Hrmmm."
Hang tinsel from both branches.,"From both branches, hang tinsel, you must.","From both branches, hang tinsel, you must. Hmm."
Cap the jar with a tight brass cover.,"With a tight brass cover, cap the jar, you must.","With a tight brass cover, cap the jar, you must."
The poor boy missed the boat again.,"The boat again, the poor boy missed.","The boat again, the poor boy missed. Yes, hrrrm."
Be sure to set the lamp firmly in the hole.,"Set the lamp firmly in the hole, be sure to.","Set the lamp firmly in the hole, be sure to."
Pick a card and slip it. under the pack.,"Pick a card and under the pack slip it, you will.","Pick a card and under the pack slip it, you will. Under the pack."
A round mat will cover the dull spot.,"The dull spot, a round mat cover will.","The dull spot, a round mat cover will."
The first part of the plan needs changing.,"Changing, the first part of the plan needs.","Changing, the first part of the plan needs."
The good book informs of what we ought to know.,"Of what we ought to know, the good book informs.","Of what we ought to know, the good book informs."
The mail comes in three batches per day.,"Three batches per day, the mail comes in.","Three batches per day, the mail comes in. Yrsssss."
You cannot brew tea in a cold pot.,"Brew tea in a cold pot, you cannot.","Brew tea in a cold pot, you cannot."
Dots of light betrayed the black cat.,"Betrayed the black cat, dots of light did.","Betrayed the black cat, dots of light did."
Put the chart on the mantel and tack it down.,"On the mantel, put the chart, and tack it down, you must.","On the mantel, put the chart, and tack it down, you must."
The night shift men rate extra pay.,"Extra pay, the night shift men rate.","Extra pay, the night shift men rate. Hrmmm."
The red paper brightened the dim stage.,"The dim stage, the red paper brightened.","The dim stage, the red paper brightened. Hrmmm."
See the player scoot to third base.,"To third base, see the player scoot.","Hrrmmm. To third base, see the player scoot."
Slide the bill between the two leaves.,"Between the two leaves, slide the bill.","Between the two leaves, slide the bill. Yes, hrrmmm."
Many hands help get the job done.,"Help get the job done, many hands do.","Help get the job done, many hands do. Hrmmm."
We don't like to admit our small faults.,"To admit our small faults, we don't like.","To admit our small faults, we don't like."
No doubt about the way the wind blows.,"About the way the wind blows, no doubt there is.","About the way the wind blows, no doubt there is."
Dig deep in the earth for pirate's gold.,"In the earth for pirate's gold, dig deep.","In the earth for pirate's gold, dig deep."
The steady drip is worse than a drenching rain.,"Worse than a drenching rain, a steady drip is.","Worse than a drenching rain, a steady drip is. Yes, hrrrm."
A flat pack takes less luggage space.,"Less luggage space, a flat pack takes.","Less luggage space, a flat pack takes."
Green ice frosted the punch bowl.,"Frosted the punch bowl, green ice did.","Frosted the punch bowl, green ice did."
A stuffed chair slipped from the moving van.,"From the moving van, a stuffed chair slipped.","From the moving van, a stuffed chair slipped."
The stitch will serve but needs to be shortened.,"Will serve but needs to be shortened, the stitch does.","Will serve but needs to be shortened, the stitch does."
A thin book fits in the side pocket.,"In the side pocket, a thin book fits.","In the side pocket, a thin book fits. Yes, hrrmmm."
The gloss on top made it unfit to read.,"Made it unfit to read, the gloss on top did.","Hrrmmm. Made it unfit to read, the gloss on top did."
The hail pattered on the burnt brown grass.,"On the burnt brown grass, the hail pattered.","On the burnt brown grass, the hail pattered."
Seven seals were stamped on great sheets.,"Stamped on great sheets, seven seals were.","Stamped on great sheets, seven seals were. Yes, hrrmmm."
Our troops are set to strike heavy blows.,"Set to strike heavy blows, our troops are.","Set to strike heavy blows, our troops are. Yrsssss."
The store was jammed before the sale could start.,"Before the sale could start, jammed the store was.","Before the sale could start, jammed the store was."
It was a bad error on the part of the new judge.,"A bad error on the part of the new judge, it was.","A bad error on the part of the new judge, it was. Hrmmm."
One step more and the board will collapse.,"One step more, and the board collapse will.","One step more, and the board collapse will."
Take the match and strike it against your shoe.,"Take the match, and against your shoe strike it, you must.","Take the match, and against your shoe strike it, you must."
"The pot boiled, but the contents failed to jell.","Boiled, the pot did, but failed to jell, the contents did.","Boiled, the pot did, but failed to jell, the contents did."
The baby puts his right foot in his mouth.,"In his mouth, the baby his right foot puts.","In his mouth, the baby his right foot puts."
The bombs left most of the town in ruins.,"Most of the town in ruins, the bombs left.","Most of the town in ruins, the bombs left."
Stop and stare at the hard working man.,"At the hardworking man, stop and stare, you must.","At the hardworking man, stop and stare, you must."
The streets are narrow and full of sharp turns.,"Narrow and full of sharp turns, the streets are.","Narrow and full of sharp turns, the streets are."
The pup jerked the leash as he saw a feline shape.,"The leash jerked, the pup did, as a feline shape he saw.","The leash jerked, the pup did, as a feline shape he saw."
Open your book to the first page.,"Your book to the first page open, you must.","Your book to the first page open, you must. Yrsssss."
"Fish evade the net, and swim off.","Evade the net, fish do, and off they swim.","Hrrmmm. Evade the net, fish do, and off they swim. Yrsssss."
Dip the pail once and let it settle.,"The pail once dip, and let it settle, you must.","Hrrmmm. The pail once dip, and let it settle, you must."
Will you please answer that phone.,"Please answer that phone, will you?","Please answer that phone, will you? Yrsssss."
The big red apple fell to the ground.,"To the ground, the big red apple fell.","To the ground, the big red apple fell."
The curtain rose and the show was on.,"Rose, the curtain did, and on the show was.","Rose, the curtain did, and on the show was. Hmm."
The young prince became heir to the throne.,"Heir to the throne, the young prince became.","Heir to the throne, the young prince became. Hrmmm."
He sent the boy on a short errand.,"On a short errand, the boy he sent.","On a short errand, the boy he sent."
Leave now and you will arrive on time.,"Now leave, and on time arrive you will.","Now leave, and on time arrive you will."
The corner store was robbed last night.,"Robbed last night, the corner store was.","Robbed last night, the corner store was."
A gold ring will please most any girl.,"Will please most any girl, a gold ring will.","Will please most any girl, a gold ring will."
The long journey home took a year.,"A year, the long journey home took.","A year, the long journey home took."
She saw a cat in the neighbor's house.,"In the neighbor's house, a cat she saw.","In the neighbor's house, a cat she saw. Hrmmm."
A pink shell was found on the sandy beach.,"On the sandy beach, a pink shell was found.","On the sandy beach, a pink shell was found."
Small children came to see him.,"Came to see him, small children did.","Came to see him, small children did. Yes, hrrmmm."
The grass and bushes were wet with dew.,"Wet with dew, the grass and bushes were.","Wet with dew, the grass and bushes were."
The blind man counted his old coins.,"Counted his old coins, the blind man did.","Counted his old coins, the blind man did. Yes, hrrmmm."
A severe storm tore down the barn.,"Tore down the barn, a severe storm did.","Tore down the barn, a severe storm did."
She called his name many times.,"His name many times, she called.","Hrrmmm. His name many times, she called. Hrmmm."
"When you hear the bell, come quickly.","When the bell you hear, come quickly, you must.","Hrrmmm. When the bell you hear, come quickly, you must."
